id,address,email,name,phone
1,Tokyo,kyiminhan1@gmail.com,KYIMINHAN 1,987654321234 
2,Tokyo,kyiminhan2@gmail.com,KYIMINHAN 2,987654321234 
3,Tokyo,kyiminhan3@gmail.com,KYIMINHAN 3,987654321234 
4,Tokyo,kyiminhan4@gmail.com,KYIMINHAN 4,987654321234 
5,Tokyo,kyiminhan5@gmail.com,KYIMINHAN 5,987654321234 
6,Tokyo,kyiminhan6@gmail.com,KYIMINHAN 6,987654321234 
7,Tokyo,kyiminhan7@gmail.com,KYIMINHAN 7,987654321234 
8,Tokyo,kyiminhan8@gmail.com,KYIMINHAN 8,987654321234 
9,Tokyo,kyiminhan9@gmail.com,KYIMINHAN 9,987654321234 
10,Tokyo,kyiminhan10@gmail.com,KYIMINHAN 10,987654321234 
11,Tokyo,kyiminhan11@gmail.com,KYIMINHAN 11,987654321234 
12,Tokyo,kyiminhan12@gmail.com,KYIMINHAN 12,987654321234 
13,Tokyo,kyiminhan13@gmail.com,KYIMINHAN 13,987654321234 
14,Tokyo,kyiminhan14@gmail.com,KYIMINHAN 14,987654321234 
15,Tokyo,kyiminhan15@gmail.com,KYIMINHAN 15,987654321234 
16,Tokyo,kyiminhan16@gmail.com,KYIMINHAN 16,987654321234 
17,Tokyo,kyiminhan17@gmail.com,KYIMINHAN 17,987654321234 
18,Tokyo,kyiminhan18@gmail.com,KYIMINHAN 18,987654321234 
19,Tokyo,kyiminhan19@gmail.com,KYIMINHAN 19,987654321234 
20,Tokyo,kyiminhan20@gmail.com,KYIMINHAN 20,987654321234 
21,Tokyo,kyiminhan21@gmail.com,KYIMINHAN 21,987654321234 
22,Tokyo,kyiminhan22@gmail.com,KYIMINHAN 22,987654321234 
23,Tokyo,kyiminhan23@gmail.com,KYIMINHAN 23,987654321234 
24,Tokyo,kyiminhan24@gmail.com,KYIMINHAN 24,987654321234 
25,Tokyo,kyiminhan25@gmail.com,KYIMINHAN 25,987654321234 
26,Tokyo,kyiminhan26@gmail.com,KYIMINHAN 26,987654321234 
27,Tokyo,kyiminhan27@gmail.com,KYIMINHAN 27,987654321234 
28,Tokyo,kyiminhan28@gmail.com,KYIMINHAN 28,987654321234 
29,Tokyo,kyiminhan29@gmail.com,KYIMINHAN 29,987654321234 
30,Tokyo,kyiminhan30@gmail.com,KYIMINHAN 30,987654321234 
31,Tokyo,kyiminhan31@gmail.com,KYIMINHAN 31,987654321234 
32,Tokyo,kyiminhan32@gmail.com,KYIMINHAN 32,987654321234 
33,Tokyo,kyiminhan33@gmail.com,KYIMINHAN 33,987654321234 
34,Tokyo,kyiminhan34@gmail.com,KYIMINHAN 34,987654321234 
35,Tokyo,kyiminhan35@gmail.com,KYIMINHAN 35,987654321234 
36,Tokyo,kyiminhan36@gmail.com,KYIMINHAN 36,987654321234 
37,Tokyo,kyiminhan37@gmail.com,KYIMINHAN 37,987654321234 
38,Tokyo,kyiminhan38@gmail.com,KYIMINHAN 38,987654321234 
39,Tokyo,kyiminhan39@gmail.com,KYIMINHAN 39,987654321234 
40,Tokyo,kyiminhan40@gmail.com,KYIMINHAN 40,987654321234 
41,Tokyo,kyiminhan41@gmail.com,KYIMINHAN 41,987654321234 
42,Tokyo,kyiminhan42@gmail.com,KYIMINHAN 42,987654321234 
43,Tokyo,kyiminhan43@gmail.com,KYIMINHAN 43,987654321234 
44,Tokyo,kyiminhan44@gmail.com,KYIMINHAN 44,987654321234 
45,Tokyo,kyiminhan45@gmail.com,KYIMINHAN 45,987654321234 
46,Tokyo,kyiminhan46@gmail.com,KYIMINHAN 46,987654321234 
47,Tokyo,kyiminhan47@gmail.com,KYIMINHAN 47,987654321234 
48,Tokyo,kyiminhan48@gmail.com,KYIMINHAN 48,987654321234 
49,Tokyo,kyiminhan49@gmail.com,KYIMINHAN 49,987654321234 
50,Tokyo,kyiminhan50@gmail.com,KYIMINHAN 50,987654321234 
51,Tokyo,kyiminhan51@gmail.com,KYIMINHAN 51,987654321234 
52,Tokyo,kyiminhan52@gmail.com,KYIMINHAN 52,987654321234 
53,Tokyo,kyiminhan53@gmail.com,KYIMINHAN 53,987654321234 
54,Tokyo,kyiminhan54@gmail.com,KYIMINHAN 54,987654321234 
55,Tokyo,kyiminhan55@gmail.com,KYIMINHAN 55,987654321234 
56,Tokyo,kyiminhan56@gmail.com,KYIMINHAN 56,987654321234 
57,Tokyo,kyiminhan57@gmail.com,KYIMINHAN 57,987654321234 
58,Tokyo,kyiminhan58@gmail.com,KYIMINHAN 58,987654321234 
59,Tokyo,kyiminhan59@gmail.com,KYIMINHAN 59,987654321234 
60,Tokyo,kyiminhan60@gmail.com,KYIMINHAN 60,987654321234 
61,Tokyo,kyiminhan61@gmail.com,KYIMINHAN 61,987654321234 
62,Tokyo,kyiminhan62@gmail.com,KYIMINHAN 62,987654321234 
63,Tokyo,kyiminhan63@gmail.com,KYIMINHAN 63,987654321234 
64,Tokyo,kyiminhan64@gmail.com,KYIMINHAN 64,987654321234 
65,Tokyo,kyiminhan65@gmail.com,KYIMINHAN 65,987654321234 
66,Tokyo,kyiminhan66@gmail.com,KYIMINHAN 66,987654321234 
67,Tokyo,kyiminhan67@gmail.com,KYIMINHAN 67,987654321234 
68,Tokyo,kyiminhan68@gmail.com,KYIMINHAN 68,987654321234 
69,Tokyo,kyiminhan69@gmail.com,KYIMINHAN 69,987654321234 
70,Tokyo,kyiminhan70@gmail.com,KYIMINHAN 70,987654321234 
71,Tokyo,kyiminhan71@gmail.com,KYIMINHAN 71,987654321234 
72,Tokyo,kyiminhan72@gmail.com,KYIMINHAN 72,987654321234 
73,Tokyo,kyiminhan73@gmail.com,KYIMINHAN 73,987654321234 
74,Tokyo,kyiminhan74@gmail.com,KYIMINHAN 74,987654321234 
75,Tokyo,kyiminhan75@gmail.com,KYIMINHAN 75,987654321234 
76,Tokyo,kyiminhan76@gmail.com,KYIMINHAN 76,987654321234 
77,Tokyo,kyiminhan77@gmail.com,KYIMINHAN 77,987654321234 
78,Tokyo,kyiminhan78@gmail.com,KYIMINHAN 78,987654321234 
79,Tokyo,kyiminhan79@gmail.com,KYIMINHAN 79,987654321234 
80,Tokyo,kyiminhan80@gmail.com,KYIMINHAN 80,987654321234 
81,Tokyo,kyiminhan81@gmail.com,KYIMINHAN 81,987654321234 
82,Tokyo,kyiminhan82@gmail.com,KYIMINHAN 82,987654321234 
83,Tokyo,kyiminhan83@gmail.com,KYIMINHAN 83,987654321234 
84,Tokyo,kyiminhan84@gmail.com,KYIMINHAN 84,987654321234 
85,Tokyo,kyiminhan85@gmail.com,KYIMINHAN 85,987654321234 
86,Tokyo,kyiminhan86@gmail.com,KYIMINHAN 86,987654321234 
87,Tokyo,kyiminhan87@gmail.com,KYIMINHAN 87,987654321234 
88,Tokyo,kyiminhan88@gmail.com,KYIMINHAN 88,987654321234 
89,Tokyo,kyiminhan89@gmail.com,KYIMINHAN 89,987654321234 
90,Tokyo,kyiminhan90@gmail.com,KYIMINHAN 90,987654321234 
91,Tokyo,kyiminhan91@gmail.com,KYIMINHAN 91,987654321234 
92,Tokyo,kyiminhan92@gmail.com,KYIMINHAN 92,987654321234 
93,Tokyo,kyiminhan93@gmail.com,KYIMINHAN 93,987654321234 
94,Tokyo,kyiminhan94@gmail.com,KYIMINHAN 94,987654321234 
95,Tokyo,kyiminhan95@gmail.com,KYIMINHAN 95,987654321234 
96,Tokyo,kyiminhan96@gmail.com,KYIMINHAN 96,987654321234 
97,Tokyo,kyiminhan97@gmail.com,KYIMINHAN 97,987654321234 
98,Tokyo,kyiminhan98@gmail.com,KYIMINHAN 98,987654321234 
99,Tokyo,kyiminhan99@gmail.com,KYIMINHAN 99,987654321234 
100,Tokyo,kyiminhan100@gmail.com,KYIMINHAN 100,987654321234 
